{
    "-- Select --": "-- Select --",
    "-- select --": "-- select --",
    "1 Star": "1 Star",
    "2 Star": "2 Star",
    "3 Star": "3 Star",
    "4 Star": "4 Star",
    "404 - Not found": "404 - Not found",
    "5 Star": "5 Star",
    ":number product available": ":number product available",
    ":number products available": ":number products available",
    ":product is already in your compare list!": ":product is already in your compare list!",
    ":product is already in your wishlist!": ":product is already in your wishlist!",
    ":total Product found": ":total Product found",
    ":total Products found": ":total Products found",
    "A fresh verification link has been sent to your email address.": "A fresh verification link has been sent to your email address.",
    "API Key": "API Key",
    "Accepted Payment methods": "Accepted Payment methods",
    "Account Information": "معلومات الحساب",
    "Account information": "معلومات الحساب",
    "Action": "Action",
    "Actions": "Actions",
    "Add Google map iframe": "Add Google map iframe",
    "Add To Cart": "Add To Cart",
    "Add a custom menu to your widget area.": "Add a custom menu to your widget area.",
    "Add a new address": "Add a new address",
    "Add item": "Add item",
    "Add new address...": "Add new address...",
    "Add to Wishlist": "Add to Wishlist",
    "Add to cart": "Add to cart",
    "Add youtube video": "Add youtube video",
    "Added product :product successfully!": "Added product :product successfully!",
    "Added product :product to cart successfully!": "Added product :product to cart successfully!",
    "Added product :product to compare list successfully!": "Added product :product to compare list successfully!",
    "Added review successfully!": "Added review successfully!",
    "Addition Information": "Addition Information",
    "Address": "Address",
    "Address books": "Address books",
    "After cancel amount and fee will be refunded back in your balance": "After cancel amount and fee will be refunded back in your balance",
    "After registration at :name, you will have API key": "After registration at :name, you will have API key",
    "After registration at :name, you will have Client ID, Client Secret": "After registration at :name, you will have Client ID, Client Secret",
    "After registration at :name, you will have Public & Secret keys": "After registration at :name, you will have Public & Secret keys",
    "After registration at :name, you will have Store ID and Store Password (API/Secret key)": "After registration at :name, you will have Store ID and Store Password (API/Secret key)",
    "All": "All",
    "Already have an account?": "Already have an account?",
    "Amount": "Amount",
    "An Error Occurred: Internal Server Error": "An Error Occurred: Internal Server Error",
    "Android app URL": "Android app URL",
    "App Store": "App Store",
    "Applied coupon \":code\" successfully!": "Applied coupon \":code\" successfully!",
    "Apply": "Apply",
    "Attract your customers with the best products.": "Attract your customers with the best products.",
    "Available": "Available",
    "Back to Products": "Back to Products",
    "Back to Shop": "Back to Shop",
    "Back to cart": "Back to cart",
    "Back to shopping": "Back to shopping",
    "Balance": "Balance",
    "Bank information": "Bank information",
    "Bank name": "Bank name",
    "Bank number": "Bank number",
    "Become Vendor": "Become Vendor",
    "Become a vendor": "Become a vendor",
    "Before proceeding, please check your email for a verification link.": "Before proceeding, please check your email for a verification link.",
    "Blog Sidebar": "Blog Sidebar",
    "Bottom Footer sidebar": "Bottom Footer sidebar",
    "Brand": "Brand",
    "Button text color": "Button text color",
    "Buy": "Buy",
    "Buy Now": "Buy Now",
    "Buy now": "Buy now",
    "By": "By",
    "By Brands": "By Brands",
    "By Price": "By Price",
    "By Tags": "By Tags",
    "Call us 24/7": "Call us 24/7",
    "Cancel order": "Cancel order",
    "Cannot find this customer!": "Cannot find this customer!",
    "Cannot login, no email provided!": "Cannot login, no email provided!",
    "Captcha": "Captcha",
    "Cart": "Cart",
    "Cart item ID is required!": "Cart item ID is required!",
    "Cart item is not existed!": "Cart item is not existed!",
    "Categories": "فئات",
    "Change Password": "Change Password",
    "Change avatar": "Change avatar",
    "Change copyright": "Change copyright",
    "Change password": "Change password",
    "Check": "Check",
    "Checkout": "Checkout",
    "Checkout error!": "Checkout error!",
    "Checkout successfully!": "Checkout successfully!",
    "City": "City",
    "Close": "Close",
    "Color": "Color",
    "Coming soon": "Coming soon",
    "Compare": "Compare",
    "Compare Product": "Compare Product",
    "Config email templates for theme": "Config email templates for theme",
    "Confirm Password": "Confirm Password",
    "Congratulations on being a vendor at :site_title": "Congratulations on being a vendor at :site_title",
    "Contact box detail": "Contact box detail",
    "Contact box subtitle": "Contact box subtitle",
    "Contact box title": "Contact box title",
    "Contact info boxes": "Contact info boxes",
    "Contact us": "Contact us",
    "Content": "Content",
    "Continue shopping": "Continue shopping",
    "Copyright": "Copyright",
    "Copyright on footer of site": "Copyright on footer of site",
    "Country": "Country",
    "Coupon Discount": "Coupon Discount",
    "Coupon code": "Coupon code",
    "Coupon code discount amount": "Coupon code discount amount",
    "Coupon code is not valid or does not apply to the products": "Coupon code is not valid or does not apply to the products",
    "Coupon code: \":code\"": "Coupon code: \":code\"",
    "Coupon code: :code": "Coupon code: :code",
    "Coupons": "Coupons",
    "Create Address": "Create Address",
    "Create a new product <a href=\":url\">here</a>": "Create a new product <a href=\":url\">here</a>",
    "Create coupon": "Create coupon",
    "Created at": "Created at",
    "Cross-selling products": "Cross-selling products",
    "Current Password": "Current Password",
    "Current password": "Current password",
    "Custom Menu": "Custom Menu",
    "Customer": "Customer",
    "Customer can buy product and pay directly using Visa, Credit card via :name": "Customer can buy product and pay directly using Visa, Credit card via :name",
    "Customer can buy product and pay directly using Visa, Credit card via Razorpay": "Customer can buy product and pay directly using Visa, Credit card via Razorpay",
    "Customer dashboard": "Customer dashboard",
    "Customer information": "Customer information",
    "Customers who bought this item also bought": "Customers who bought this item also bought",
    "Dashboard": "Dashboard",
    "Date": "Date",
    "Date of birth": "Date of birth",
    "Date of birth:": "Date of birth:",
    "Days": "Days",
    "Default": "Default",
    "Default: 10 (seconds)": "Default: 10 (seconds)",
    "Delete product": "Delete product",
    "Deleted review successfully!": "Deleted review successfully!",
    "Delivery Notes:": "Delivery Notes:",
    "Description": "Description",
    "Discount": "Discount",
    "Discount amount": "Discount amount",
    "Discount promotion": "Discount promotion",
    "Do you want to cancel?": "Do you want to cancel?",
    "Don't Have an Account?": "Don't Have an Account?",
    "Don't Miss Out! This promotion will expires in": "Don't Miss Out! This promotion will expires in",
    "Don't show this popup again": "Don't show this popup again",
    "Download Apps": "Download Apps",
    "Download apps": "Download apps",
    "Drop files here or click to upload.": "Drop files here or click to upload.",
    "E-Mail Address": "E-Mail Address",
    "Earning": "Earning",
    "Earnings": "Earnings",
    "Edit": "Edit",
    "Edit Address #:id": "Edit Address #:id",
    "Email": "Email",
    "Email *": "Email *",
    "Email Address": "Email Address",
    "Email address": "Email address",
    "Email:": "Email:",
    "Empty cart successfully!": "Empty cart successfully!",
    "Enable Facebook chat?": "Enable Facebook chat?",
    "Enable Facebook comment in post detail page?": "Enable Facebook comment in post detail page?",
    "Enable newsletter popup?": "Enable newsletter popup?",
    "End date": "End date",
    "End in": "End in",
    "Enter API key into the box in right hand": "Enter API key into the box in right hand",
    "Enter Client ID, Secret into the box in right hand": "Enter Client ID, Secret into the box in right hand",
    "Enter Public, Secret into the box in right hand": "Enter Public, Secret into the box in right hand",
    "Enter Store ID and Store Password (API/Secret key) into the box in right hand": "Enter Store ID and Store Password (API/Secret key) into the box in right hand",
    "Enter coupon code": "Enter coupon code",
    "Enter coupon code...": "Enter coupon code...",
    "Envato username must not a URL. Please try with username \":username\"!": "Envato username must not a URL. Please try with username \":username\"!",
    "Error": "Error",
    "Error when processing payment via Mollie!": "Error when processing payment via Mollie!",
    "FAQs": "FAQs",
    "Facebook Admin ID": "Facebook Admin ID",
    "Facebook Admins": "Facebook Admins",
    "Facebook App ID": "Facebook App ID",
    "Facebook Integration": "Facebook Integration",
    "Facebook admins to manage comments :link": "Facebook admins to manage comments :link",
    "Facebook page ID": "Facebook page ID",
    "Fashion Collection": "Fashion Collection",
    "Featured Brands": "Featured Brands",
    "Featured Product Categories": "Featured Product Categories",
    "Featured image": "Featured image",
    "Featured products": "Featured products",
    "Fees": "Fees",
    "Filter": "Filter",
    "Filter Products": "Filter Products",
    "Find": "Find",
    "Finish": "Finish",
    "Flash sale": "Flash sale",
    "Footer sidebar": "Footer sidebar",
    "Forgot Password": "Forgot Password",
    "Forgot password?": "Forgot password?",
    "Forgot?": "Forgot?",
    "Free shipping": "Free shipping",
    "Free shipping for all orders": "Free shipping for all orders",
    "Free shipping to": "Free shipping to",
    "Full Name": "Full Name",
    "Full Name:": "Full Name:",
    "Full name": "Full name",
    "Full width": "Full width",
    "General Information": "General Information",
    "Get 25% Discount": "Get 25% Discount",
    "Get In Touch": "Get In Touch",
    "Google Play": "Google Play",
    "Google map": "Google map",
    "Header text accent color": "Header text accent color",
    "Header text color": "Header text color",
    "Header text hover color": "Header text hover color",
    "Hello": "مرحبًا",
    "Home": "مسكن",
    "Homepage": "Homepage",
    "Hotline": "Hotline",
    "Hours": "Hours",
    "I agree to terms & Policy.": "I agree to terms & Policy.",
    "I am a customer": "I am a customer",
    "I am a vendor": "I am a vendor",
    "I'm shopping for...": "أنا أتسوق ل...",
    "ID": "ID",
    "ID number": "ID number",
    "Icon": "Icon",
    "Icon :number": "Icon :number",
    "If you did not receive the email": "If you did not receive the email",
    "If you need help, contact us at :mail.": "If you need help, contact us at :mail.",
    "Image": "Image",
    "Image for newsletter popup": "Image for newsletter popup",
    "In stock": "In stock",
    "Insufficient balance or no bank information": "Insufficient balance or no bank information",
    "Invalid Data!": "Invalid Data!",
    "Invalid Transaction!": "Invalid Transaction!",
    "Invalid signature of vendor info": "Invalid signature of vendor info",
    "Is default?": "Is default?",
    "It seems we can't find what you're looking for. Perhaps searching can help or go back to": "It seems we can't find what you're looking for. Perhaps searching can help or go back to",
    "Items Earning Sales: :amount": "Items Earning Sales: :amount",
    "Joined on :date": "Joined on :date",
    "Key": "Key",
    "Limit": "حد",
    "List of product categories": "قائمة فئات المنتجات",
    "Loading": "جار التحميل",
    "Log In Your Account": "تسجيل الدخول إلى حسابك",
    "Log in": "تسجيل الدخول",
    "Login": "تسجيل الدخول",
    "Login with social networks": "تسجيل الدخول مع الشبكات الاجتماعية",
    "Logo": "شعار",
    "Logout": "تسجيل خروج",
    "Maintenance mode": "Maintenance mode",
    "Menu": "قائمة",
    "Merchant Email": "البريد الإلكتروني للتاجر",
    "Message": "رسالة",
    "Minimum order amount is :amount, you need to buy more :more to place an order!": "الحد الأدنى لمبلغ الطلب هو: المبلغ ، تحتاج إلى شراء المزيد: المزيد لتقديم طلب!",
    "Minutes": "محضر جلسة",
    "Mollie": "مولي",
    "More Products from :store": "المزيد من المنتجات من: المتجر",
    "N/A": "غير متاح",
    "NEW STORE WE BE LAUNCHED IN": "متجر جديد تم افتتاحه فيه",
    "Name": "اسم",
    "Name *": "اسم *",
    "Name : Z-A": "الاسم: Z-A",
    "Name: A-Z": "الاسم: A-Z",
    "New Password": "كلمة سر جديدة",
    "New image": "صورة جديدة",
    "New password": "كلمة سر جديدة",
    "New password:": "كلمة سر جديدة:",
    "Newest": "الأحدث",
    "Newsletter Form": "نموذج النشرة الإخبارية",
    "Newsletter popup delay time (seconds)": "وقت تأخير ظهور الرسائل الإخبارية (بالثواني)",
    "No": "رقم",
    "No address!": "No address!",
    "No item in wishlist!": "No item in wishlist!",
    "No orders!": "No orders!",
    "No product in wishlist!": "No product in wishlist!",
    "No products found.": "No products found.",
    "No products in cart": "No products in cart",
    "No products in cart. :link!": "No products in cart. :link!",
    "No products in compare list!": "No products in compare list!",
    "No products in the cart.": "No products in the cart.",
    "No products!": "No products!",
    "No shipping methods available!": "No shipping methods available!",
    "Not Available": "Not Available",
    "Not available": "Not available",
    "Note": "Note",
    "Number categories to display": "Number categories to display",
    "Number posts to display": "Number posts to display",
    "Number tags to display": "Number tags to display",
    "Ohh! Page not found": "Ohh! Page not found",
    "Old password:": "Old password:",
    "Oldest": "Oldest",
    "One or all products are not enough quantity so cannot update!": "One or all products are not enough quantity so cannot update!",
    "Online payment via :name": "Online payment via :name",
    "Oops! An Error Occurred": "Oops! An Error Occurred",
    "Order ID": "Order ID",
    "Order detail": "Order detail",
    "Order detail :id": "Order detail :id",
    "Order information": "Order information",
    "Order information :order_id": "Order information :order_id",
    "Order is cancelled by custom :customer": "Order is cancelled by custom :customer",
    "Order is created from checkout page": "Order is created from checkout page",
    "Order not found!": "Order not found!",
    "Order number": "Order number",
    "Order status": "Order status",
    "Order successfully at :site_title": "Order successfully at :site_title",
    "Order successfully. Order number :id": "Order successfully. Order number :id",
    "Order tracking": "Order tracking",
    "Order tracking :code": "Order tracking :code",
    "Orders": "Orders",
    "Out Of Stock": "Out Of Stock",
    "Out of stock": "Out of stock",
    "Overview": "Overview",
    "Password": "Password",
    "Password Confirmation": "Password Confirmation",
    "Password confirmation": "Password confirmation",
    "Password confirmation:": "Password confirmation:",
    "Pay for your order at :site_title": "Pay for your order at :site_title",
    "Payment": "Payment",
    "Payment failed!": "Payment failed!",
    "Payment form": "Payment form",
    "Payment info": "Payment info",
    "Payment method": "Payment method",
    "Payment status": "Payment status",
    "Payment with Mollie": "Payment with Mollie",
    "Payment with PayPal": "Payment with PayPal",
    "Payment with Paystack": "Payment with Paystack",
    "Payment with Razorpay": "Payment with Razorpay",
    "Payment with Stripe": "Payment with Stripe",
    "Paystack": "Paystack",
    "Phone": "Phone",
    "Phone Number": "Phone Number",
    "Phone:": "Phone:",
    "Please": "Please",
    "Please confirm your email address.": "Please confirm your email address.",
    "Please enter your email address": "Please enter your email address",
    "Please select attributes": "Please select attributes",
    "Popular tags": "Popular tags",
    "Preview": "Preview",
    "Price": "Price",
    "Price: high to low": "Price: high to low",
    "Price: low to high": "Price: low to high",
    "Primary color": "Primary color",
    "Primary font": "Primary font",
    "Print order": "Print order",
    "Proceed to checkout": "Proceed to checkout",
    "Processing. Please wait...": "Processing. Please wait...",
    "Product": "Product",
    "Product :product is out of stock!": "Product :product is out of stock!",
    "Product Categories": "Product Categories",
    "Product Collections": "Product Collections",
    "Product ID is required": "Product ID is required",
    "Product ID must be a number": "Product ID must be a number",
    "Product Name": "Product Name",
    "Product category ID": "Product category ID",
    "Product category products": "Product category products",
    "Product feature icon": "Product feature icon",
    "Product feature title": "Product feature title",
    "Product features": "Product features",
    "Product sidebar": "Product sidebar",
    "Product's name": "Product's name",
    "Product(s)": "Product(s)",
    "Products": "Products",
    "Products found": "Products found",
    "Profile": "Profile",
    "Profile Image": "Profile Image",
    "Promotion discount amount": "Promotion discount amount",
    "Public Key": "Public Key",
    "Qty": "Qty",
    "Quantity": "Quantity",
    "Quantity is required!": "Quantity is required!",
    "Quantity must be a number!": "Quantity must be a number!",
    "Quick View": "Quick View",
    "Rating": "Rating",
    "Rating: high to low": "Rating: high to low",
    "Rating: low to high": "Rating: low to high",
    "Recent Orders": "Recent Orders",
    "Recent posts": "Recent posts",
    "Recent posts widget.": "Recent posts widget.",
    "Recommended Items": "Recommended Items",
    "Register": "Register",
    "Register An Account": "Register An Account",
    "Register a new account": "Register a new account",
    "Register an account on :name": "Register an account on :name",
    "Register an account on Razorpay": "Register an account on Razorpay",
    "Register an account with above information?": "Register an account with above information?",
    "Register here": "Register here",
    "Registered successfully!": "Registered successfully!",
    "Related Posts": "Related Posts",
    "Related products": "Related products",
    "Remember me": "Remember me",
    "Remove": "Remove",
    "Removed coupon :code successfully!": "Removed coupon :code successfully!",
    "Removed item from cart successfully!": "Removed item from cart successfully!",
    "Removed item from wishlist successfully!": "Removed item from wishlist successfully!",
    "Removed product from compare list successfully!": "Removed product from compare list successfully!",
    "Request": "Request",
    "Reset Password": "Reset Password",
    "Revenue": "Revenue",
    "Revenues": "Revenues",
    "Reviews": "Reviews",
    "SKU": "SKU",
    "Sales Reports": "Sales Reports",
    "Same fee": "Same fee",
    "Save": "Save",
    "Save settings": "Save settings",
    "Screenshot": "Screenshot",
    "Search": "يبحث",
    "Search blog posts": "Search blog posts",
    "Search for...": "Search for...",
    "Search result for \":query\"": "Search result for \":query\"",
    "Search result for: \":query\"": "Search result for: \":query\"",
    "Search something...": "Search something...",
    "Search vendor..": "Search vendor..",
    "Secondary color": "Secondary color",
    "Seconds": "Seconds",
    "Secret": "Secret",
    "Secret Key": "Secret Key",
    "See all results": "See all results",
    "Select": "Select",
    "Select a category": "Select a category",
    "Select a flash sale": "Select a flash sale",
    "Select available addresses": "Select available addresses",
    "Select country...": "Select country...",
    "Select file": "Select file",
    "Select menu": "Select menu",
    "Sell On Martfury": "Sell On Martfury",
    "Send": "Send",
    "Send Password Reset Link": "Send Password Reset Link",
    "Send mail with links to download apps": "Send mail with links to download apps",
    "Send message": "Send message",
    "Send message successfully!": "Send message successfully!",
    "Settings": "Settings",
    "Shipping fee": "Shipping fee",
    "Shipping fees not included": "Shipping fees not included",
    "Shipping information": "Shipping information",
    "Shipping method": "Shipping method",
    "Shop Email": "Shop Email",
    "Shop Name": "Shop Name",
    "Shop Phone": "Shop Phone",
    "Shop URL": "Shop URL",
    "Shop URL is existing. Please choose another one!": "Shop URL is existing. Please choose another one!",
    "Shop by Department": "Shop by Department",
    "Shop phone": "Shop phone",
    "Shopping Cart": "Shopping Cart",
    "Show": "Show",
    "Show featured brands on the products page?": "Show featured brands on the products page?",
    "Show recommend items on the products page?": "Show recommend items on the products page?",
    "Sign up": "Sign up",
    "Sign up now": "Sign up now",
    "Site features": "Site features",
    "Social links": "Social links",
    "Sold": "Sold",
    "Sold By": "Sold By",
    "Sold Items": "Sold Items",
    "Sold by": "Sold by",
    "Sold out": "Sold out",
    "Something is broken. Please let us know what you were doing when this error occurred. We will fix it as soon as possible. Sorry for any inconvenience caused.": "Something is broken. Please let us know what you were doing when this error occurred. We will fix it as soon as possible. Sorry for any inconvenience caused.",
    "Sorry, we are doing some maintenance. Please check back soon.": "Sorry, we are doing some maintenance. Please check back soon.",
    "Sort Items": "Sort Items",
    "SslCommerz": "SslCommerz",
    "State": "State",
    "Statistics": "Statistics",
    "Status": "Status",
    "Store ID": "Store ID",
    "Store Password (API/Secret key)": "Store Password (API/Secret key)",
    "Store list": "Store list",
    "Stores": "Stores",
    "Sub Total": "Sub Total",
    "Sub amount": "Sub amount",
    "Subject": "Subject",
    "Submit": "Submit",
    "Submit Review": "Submit Review",
    "Submit Your Review": "Submit Your Review",
    "Subscribe": "Subscribe",
    "Subscribe to newsletter successfully!": "Subscribe to newsletter successfully!",
    "Subscribe to the mailing list to receive updates on new arrivals, special offers and our promotions.": "Subscribe to the mailing list to receive updates on new arrivals, special offers and our promotions.",
    "Subtitle": "Subtitle",
    "Subtitle :number": "Subtitle :number",
    "Subtotal": "Subtotal",
    "Success": "Success",
    "Tags": "Tags",
    "Tax": "Tax",
    "Term and Policy": "Term and Policy",
    "Thank you for purchasing our products!": "Thank you for purchasing our products!",
    "The balance is not enough for withdrawal": "The balance is not enough for withdrawal",
    "The field with (<span style=\"color:#FF0000;\">*</span>) is required.": "The field with (<span style=\"color:#FF0000;\">*</span>) is required.",
    "The given email address has not been confirmed. <a href=\":resend_link\">Resend confirmation link.</a>": "The given email address has not been confirmed. <a href=\":resend_link\">Resend confirmation link.</a>",
    "The largest payment gateway aggregator in Bangladesh and a pioneer in the FinTech industry since 2010": "The largest payment gateway aggregator in Bangladesh and a pioneer in the FinTech industry since 2010",
    "The server returned a \"403 Forbidden\".": "The server returned a \"403 Forbidden\".",
    "The server returned a \"500 Internal Server Error\".": "The server returned a \"500 Internal Server Error\".",
    "Theme ads": "Theme ads",
    "Theme emails": "Theme emails",
    "There is an issue when ordering. Please try again later!": "There is an issue when ordering. Please try again later!",
    "There is no data to display!": "There is no data to display!",
    "This product is out of stock or not exists!": "This product is out of stock or not exists!",
    "Time": "Time",
    "Title": "Title",
    "Title :number": "Title :number",
    "To show chat box on that website, please go to :link and add :domain to whitelist domains!": "To show chat box on that website, please go to :link and add :domain to whitelist domains!",
    "Top Selling Products": "Top Selling Products",
    "Top Slider Image 1": "Top Slider Image 1",
    "Top Slider Image 2": "Top Slider Image 2",
    "Total": "Total",
    "Total Amount": "Total Amount",
    "Total amount": "Total amount",
    "Track your order": "أتبع طلبك",
    "Tracking your order status": "Tracking your order status",
    "Transaction is already successfully completed!": "Transaction is already successfully completed!",
    "Transaction is successfully completed!": "Transaction is successfully completed!",
    "Trending Products": "Trending Products",
    "Type": "Type",
    "URL": "URL",
    "Unit Price": "Unit Price",
    "Unsubscribe to newsletter successfully": "Unsubscribe to newsletter successfully",
    "Update": "Update",
    "Update cart": "Update cart",
    "Update cart successfully!": "Update cart successfully!",
    "Update profile": "Update profile",
    "Update profile successfully!": "Update profile successfully!",
    "Update successfully!": "Update successfully!",
    "Use this address as default": "Use this address as default",
    "Use this address as default.": "Use this address as default.",
    "Using coupon code": "Using coupon code",
    "Validation Fail!": "Validation Fail!",
    "Variations": "Variations",
    "Vendor": "Vendor",
    "Vendor dashboard": "Vendor dashboard",
    "Verify Your Email Address": "Verify Your Email Address",
    "View": "View",
    "View All": "View All",
    "View Cart": "View Cart",
    "View Full Orders": "View Full Orders",
    "View Full Products": "View Full Products",
    "View all": "View all",
    "View your store": "View your store",
    "View your store <a href=\":url\">here</a>": "View your store <a href=\":url\">here</a>",
    "Views": "Views",
    "Visit Store": "Visit Store",
    "We Using Safe Payment For": "We Using Safe Payment For",
    "We sent an email with download links to your email, please check it!": "We sent an email with download links to your email, please check it!",
    "We sent you another confirmation email. You should receive it shortly.": "We sent you another confirmation email. You should receive it shortly.",
    "Welcome message": "Welcome message",
    "Widget display blog categories": "Widget display blog categories",
    "Widgets in bottom footer": "Widgets in bottom footer",
    "Widgets in footer of page": "Widgets in footer of page",
    "Wishlist": "Wishlist",
    "Withdrawal images": "Withdrawal images",
    "Withdrawal request": "Withdrawal request",
    "Withdrawals": "Withdrawals",
    "Write your review": "Write your review",
    "Yes": "Yes",
    "You are a new customer?": "You are a new customer?",
    "You can create your app in :link": "You can create your app in :link",
    "You can get fan page ID using this site :link": "You can get fan page ID using this site :link",
    "You can update in <a href=\":link\">here</a>": "You can update in <a href=\":link\">here</a>",
    "You have :total product(s) but no orders yet": "You have :total product(s) but no orders yet",
    "You have a coupon code?": "You have a coupon code?",
    "You have an account already?": "You have an account already?",
    "You have recovered from previous orders!": "You have recovered from previous orders!",
    "You have reviewed this product already!": "You have reviewed this product already!",
    "You successfully confirmed your email address.": "You successfully confirmed your email address.",
    "You will need to set Callback URL on": "You will need to set Callback URL on",
    "You will receive money through the information below": "You will receive money through the information below",
    "Your Email": "Your Email",
    "Your Name": "Your Name",
    "Your cart is empty!": "Your cart is empty!",
    "Your email": "Your email",
    "Your email does not exist in the system or you have unsubscribed already!": "Your email does not exist in the system or you have unsubscribed already!",
    "Your name": "Your name",
    "Your order is successfully placed": "Your order is successfully placed",
    "Your personal data will be used to support your experience throughout this website, to manage access to your account, and for other purposes described in our privacy policy.": "Your personal data will be used to support your experience throughout this website, to manage access to your account, and for other purposes described in our privacy policy.",
    "Your rating of this product": "Your rating of this product",
    "Youtube URL": "Youtube URL",
    "Youtube URL is invalid.": "Youtube URL is invalid.",
    "Youtube video": "Youtube video",
    "Zip code": "Zip code",
    "billion": "billion",
    "by": "by",
    "centimeters": "centimeters",
    "click here to request another": "click here to request another",
    "error": "error",
    "for all orders": "for all orders",
    "for all product in collection": "for all product in collection",
    "for all products in collection": "for all products in collection",
    "for all products in order": "for all products in order",
    "for customer(s)": "for customer(s)",
    "for order with amount from": "for order with amount from",
    "for product(s)": "for product(s)",
    "for product(s) variant": "for product(s) variant",
    "grams": "grams",
    "here": "here",
    "iOS app URL": "iOS app URL",
    "in": "in",
    "kilograms": "kilograms",
    "login": "login",
    "meters": "meters",
    "million": "million",
    "products": "products",
    "reviews": "reviews",
    "reviews for \":product\"": "reviews for \":product\"",
    "to": "to",
    "to write review!": "to write review!",
    "when shipping fee less than or equal": "when shipping fee less than or equal"
}